pesel,name,email,phone
71100546174,pani Dagmara Młotek,qchaba@example.org,+48633026352
55110614683,Przemysław Leszczuk,jozef35@example.com,+48038024903
99103184801,Michał Wenzel,mmatraszek@example.org,+48308391982
93061051829,Inga Słoboda,blankakondej@example.net,+48257296947
69080259218,Nataniel Kołsut,damiankielbik@example.net,+48665448587
01302125613,Jędrzej Chwała,olafmacczak@example.org,+48633981264
80070168101,Karol Doroz,kiszczakapolonia@example.com,+48072465175
01323117385,Monika Lipowicz,koronkiewiczkamil@example.com,+48670712227
99121086565,pani Krystyna Brząkała,radoslaw78@example.net,+48332634267
77061937433,Inga Surdel,konstanty94@example.org,+48706535061
96071322121,Julianna Merchel,okielan@example.org,+48370791578
00321382519,pan Iwo Boryczko,kajalapaj@example.org,+48346501235
73051935791,pani Roksana Przerwa,fryderyk71@example.net,+48026477207
99101592697,Marek Monkiewicz,gabrielgrunt@example.com,+48745091405
81120838106,pan Konstanty Powązka,krykryszard@example.org,+48545496576
02321184382,Mikołaj Kolka,ewelinabancerz@example.net,+48632051182
57052515130,pan Natan Dubik,janinajalowiec@example.com,+48917299214
95101636197,Maks Kudlak,blanka87@example.org,+48118524151
96121924017,pani Dagmara Żywica,marcelinasteuer@example.net,+48949347034
78100248662,pani Marika Mikusek,julianna63@example.org,+48359372589
03260145502,pani Dorota Roj,mainkatomasz@example.org,+48627471379
58083185460,pan Aleks Mitoraj,pytlarzmaks@example.net,+48637245591
87051836808,pan Gabriel Szram,nikodemhanzel@example.net,+48733818949
75011813338,Kalina Waloszczyk,lszalaj@example.com,+48848521957
00211390387,pani Aniela Dargacz,bseidel@example.org,+48729744788
66122191110,pan Grzegorz Olszowa,lapacztymon@example.net,+48230508069
86082337793,Jakub Balawender,kloskamikolaj@example.com,+48863723203
71101860723,Ignacy Sorbian,bikadrian@example.net,+48168704667
74111699491,pani Dorota Kiliszek,maksymilian09@example.org,+48619662642
80083167207,pani Adrianna Roskosz,okoziatek@example.com,+48363547875
54081483784,pan Dariusz Budrewicz,kacper90@example.net,+48003562952
95040923132,Witold Karpeta,maciej22@example.com,+48808032251
54041693121,pani Klara Dytko,sonia57@example.net,+48179055934
91040310969,Emil Danisz,wawszczykpiotr@example.org,+48658401282
73040974709,Ada Przewłoka,olgierd71@example.org,+48969008227
63010552855,Eryk Engler,asowala@example.org,+48210270288
68110668651,pan Juliusz Bodek,tmaleszka@example.com,+48791573801
96021261403,pan Karol Niedojadło,sebastianpniak@example.org,+48358687321
92032816018,Marcin Zapora,galjulian@example.net,+48040919677
93082259471,pani Anita Dziechciarz,kamilakrochmal@example.net,+48749358404
66072398113,Dagmara Kopij,brunoskrzecz@example.com,+48123600101
99022370280,pan Jacek Rzeszut,bartekpakos@example.net,+48736744488
98102728346,Antoni Fryś,igorstachewicz@example.com,+48180960908
55103012463,Borys Strycharz,elizaplewnia@example.org,+48860256864
78120838731,Angelika Sochaj,kopanikodem@example.net,+48364667270
73121498353,pani Krystyna Pitala,dryndaradoslaw@example.net,+48615077857
71051788357,Alex Panicz,alex50@example.net,+48272480981
56053126985,Eryk Frycz,psapala@example.net,+48246699942
72032019512,Patryk Osman,dominikcogiel@example.com,+48698815340
02230165331,Kalina Wośko,kwladyka@example.com,+48439239591
88060693020,Monika Żbik,roza53@example.net,+48297598898
88031560560,Jeremi Wocial,brankaiwo@example.net,+48075386662
91080870270,Ignacy Mazanek,ymajtczak@example.com,+48150012652
88021468539,Damian Czak,morysprzemyslaw@example.org,+48688674242
95121028165,Ida Malka,cezary04@example.net,+48071637830
56090582762,pani Bianka Grądziel,hpowazka@example.org,+48641330164
99010699829,Kamila Troka,fbasaj@example.com,+48081439695
68091030670,Nela Łuksza,leonardlipowicz@example.net,+48013826266
73111145667,Gaja Rohde,wberdzik@example.com,+48109377311
90070326322,pan Jan Parzyszek,ksawerysalwin@example.com,+48410922641
94090721202,Robert Wódka,krzysztof68@example.net,+48572757825
58082409967,pan Antoni Kanarek,bugnocezary@example.com,+48480974340
64010490756,Jakub Zastawny,kukawkaborys@example.net,+48751471162
65060251388,Artur Lenik,lupinajulita@example.net,+48670349654
00230208988,pani Marika Worach,soczewkaoskar@example.net,+48290848830
76041625544,Tomasz Symonowicz,vludwik@example.org,+48715558850
66121606312,Angelika Bystroń,kajetanfura@example.net,+48195623289
77032824535,pan Eryk Kleina,gdzienniak@example.com,+48851231287
61022706976,Anita Kut,cyprianmagier@example.com,+48584974168
69041791113,pani Agnieszka Ziajka,pawelstanaszek@example.net,+48858596520
60111525836,Natan Gruza,kosowiczsebastian@example.org,+48334742340
67100477545,Melania Bawoł,kijasaurelia@example.com,+48945697627
71012480681,Julita Kurzak,bsieg@example.com,+48234448693
80101041519,Klara Rajczak,grzelecdorota@example.net,+48027536277
98031287400,Wiktor Kuncewicz,fryderykgaudyn@example.net,+48320749510
70082717473,pan Olgierd Świech,urszulaopalach@example.org,+48318879173
61072309808,pan Ryszard Gabrych,bialasikjeremi@example.net,+48870263667
62101064064,Adam Matulewicz,wojciech10@example.org,+48883381775
97020882202,Ewa Lemiesz,cezary53@example.org,+48971754967
67032683522,pani Aniela Nurek,hdabrowka@example.com,+48050743730
75050193277,Aniela Strycharz,piotrlapot@example.com,+48086862583
64051079709,Marcelina Tomal,rprystupa@example.com,+48962991222
55101175210,Kamil Hynek,fryderykbartus@example.org,+48071040788
69060255724,Maksymilian Fedorczyk,konradzyzik@example.com,+48428167334
66102437988,pani Roksana Wojtaszczyk,tolakurszula@example.com,+48245133010
55022620091,Hubert Trybała,marcelziarnik@example.net,+48207316537
01292753052,Nicole Obuchowicz,angelikaroter@example.com,+48194682337
63100266174,pani Janina Miętka,fgrzejszczak@example.com,+48546913369
74082569658,Mariusz Dynak,ryczkodariusz@example.org,+48463560837
81062051689,pan Konrad Michnik,fryderyk61@example.net,+48243701105
76101521290,Grzegorz Szyguła,isoltan@example.com,+48455795890
56032616726,Cyprian Pabiś,ftylus@example.net,+48981364197
78061320643,Nela Bakalarczyk,ymasiak@example.com,+48340798512
55052804959,pani Róża Wyciszkiewicz,sebastian54@example.com,+48649779451
76021045348,Dorota Dzierwa,oskar97@example.org,+48794140909
03221286613,Julian Jambor,ewa47@example.org,+48571245621
95012999523,Kamila Miąsik,krystian03@example.com,+48247374845
85110649257,Marika Ścibior,soniadreszer@example.com,+48646596826
76121598634,Leon Cyrek,justynahan@example.org,+48979043020
80051626567,Borys Płoskonka,emilmierzwiak@example.org,+48571080996
